{"cameraMode":{"drawMode":0,"name":"Shaded","section":"Shading Mode"},"sceneLighting":false,"audioPlay":false,"sceneViewState":{"m_AlwaysRefresh":false,"showFog":true,"showSkybox":false,"showFlares":true,"showImageEffects":true,"showParticleSystems":true,"showVisualEffectGraphs":true,"m_FxEnabled":true},"in2DMode":false,"pivot":{"x":-6.491801738739014,"y":12.307909965515137,"z":10.556410789489746},"rotation":{"x":-0.006849590223282576,"y":0.9810411334037781,"z":-0.03565231338143349,"w":-0.19072042405605317},"size":2.8929343223571779,"orthographic":false}